sample-id	forward-absolute-filepath	reverse-absolute-filepath
102	/home/users/sen97/GEN811_16s/myDNAseq1/102_R1.fastq.gz	/home/users/sen97/GEN811_16s/myDNAseq1/102_R2.fastq.gz
103	/home/users/sen97/GEN811_16s/myDNAseq1/103_R1.fastq.gz	/home/users/sen97/GEN811_16s/myDNAseq1/103_R2.fastq.gz
106	/home/users/sen97/GEN811_16s/myDNAseq1/106_R1.fastq.gz	/home/users/sen97/GEN811_16s/myDNAseq1/106_R2.fastq.gz
108	/home/users/sen97/GEN811_16s/myDNAseq1/108_R1.fastq.gz	/home/users/sen97/GEN811_16s/myDNAseq1/108_R2.fastq.gz
109	/home/users/sen97/GEN811_16s/myDNAseq1/109_R1.fastq.gz	/home/users/sen97/GEN811_16s/myDNAseq1/109_R2.fastq.gz
110	/home/users/sen97/GEN811_16s/myDNAseq1/110_R1.fastq.gz	/home/users/sen97/GEN811_16s/myDNAseq1/110_R2.fastq.gz
112	/home/users/sen97/GEN811_16s/myDNAseq1/112_R1.fastq.gz	/home/users/sen97/GEN811_16s/myDNAseq1/112_R2.fastq.gz
119	/home/users/sen97/GEN811_16s/myDNAseq1/119_R1.fastq.gz	/home/users/sen97/GEN811_16s/myDNAseq1/119_R2.fastq.gz
123	/home/users/sen97/GEN811_16s/myDNAseq1/123_R1.fastq.gz	/home/users/sen97/GEN811_16s/myDNAseq1/123_R2.fastq.gz
124	/home/users/sen97/GEN811_16s/myDNAseq1/124_R1.fastq.gz	/home/users/sen97/GEN811_16s/myDNAseq1/124_R2.fastq.gz
126	/home/users/sen97/GEN811_16s/myDNAseq1/126_R1.fastq.gz	/home/users/sen97/GEN811_16s/myDNAseq1/126_R2.fastq.gz
131	/home/users/sen97/GEN811_16s/myDNAseq1/131_R1.fastq.gz	/home/users/sen97/GEN811_16s/myDNAseq1/131_R2.fastq.gz
132	/home/users/sen97/GEN811_16s/myDNAseq1/132_R1.fastq.gz	/home/users/sen97/GEN811_16s/myDNAseq1/132_R2.fastq.gz
133	/home/users/sen97/GEN811_16s/myDNAseq1/133_R1.fastq.gz	/home/users/sen97/GEN811_16s/myDNAseq1/133_R2.fastq.gz
135	/home/users/sen97/GEN811_16s/myDNAseq1/135_R1.fastq.gz	/home/users/sen97/GEN811_16s/myDNAseq1/135_R2.fastq.gz
137	/home/users/sen97/GEN811_16s/myDNAseq1/137_R1.fastq.gz	/home/users/sen97/GEN811_16s/myDNAseq1/137_R2.fastq.gz
144	/home/users/sen97/GEN811_16s/myDNAseq1/144_R1.fastq.gz	/home/users/sen97/GEN811_16s/myDNAseq1/144_R2.fastq.gz
147	/home/users/sen97/GEN811_16s/myDNAseq1/147_R1.fastq.gz	/home/users/sen97/GEN811_16s/myDNAseq1/147_R2.fastq.gz
148	/home/users/sen97/GEN811_16s/myDNAseq1/148_R1.fastq.gz	/home/users/sen97/GEN811_16s/myDNAseq1/148_R2.fastq.gz
149	/home/users/sen97/GEN811_16s/myDNAseq1/149_R1.fastq.gz	/home/users/sen97/GEN811_16s/myDNAseq1/149_R2.fastq.gz
150	/home/users/sen97/GEN811_16s/myDNAseq1/150_R1.fastq.gz	/home/users/sen97/GEN811_16s/myDNAseq1/150_R2.fastq.gz
156	/home/users/sen97/GEN811_16s/myDNAseq1/156_R1.fastq.gz	/home/users/sen97/GEN811_16s/myDNAseq1/156_R2.fastq.gz
157	/home/users/sen97/GEN811_16s/myDNAseq1/157_R1.fastq.gz	/home/users/sen97/GEN811_16s/myDNAseq1/157_R2.fastq.gz
158	/home/users/sen97/GEN811_16s/myDNAseq1/158_R1.fastq.gz	/home/users/sen97/GEN811_16s/myDNAseq1/158_R2.fastq.gz
159	/home/users/sen97/GEN811_16s/myDNAseq1/159_R1.fastq.gz	/home/users/sen97/GEN811_16s/myDNAseq1/159_R2.fastq.gz
160	/home/users/sen97/GEN811_16s/myDNAseq1/160_R1.fastq.gz	/home/users/sen97/GEN811_16s/myDNAseq1/160_R2.fastq.gz
161	/home/users/sen97/GEN811_16s/myDNAseq1/161_R1.fastq.gz	/home/users/sen97/GEN811_16s/myDNAseq1/161_R2.fastq.gz
162	/home/users/sen97/GEN811_16s/myDNAseq1/162_R1.fastq.gz	/home/users/sen97/GEN811_16s/myDNAseq1/162_R2.fastq.gz
163	/home/users/sen97/GEN811_16s/myDNAseq1/163_R1.fastq.gz	/home/users/sen97/GEN811_16s/myDNAseq1/163_R2.fastq.gz
164	/home/users/sen97/GEN811_16s/myDNAseq1/164_R1.fastq.gz	/home/users/sen97/GEN811_16s/myDNAseq1/164_R2.fastq.gz
166	/home/users/sen97/GEN811_16s/myDNAseq1/166_R1.fastq.gz	/home/users/sen97/GEN811_16s/myDNAseq1/166_R2.fastq.gz
167	/home/users/sen97/GEN811_16s/myDNAseq1/167_R1.fastq.gz	/home/users/sen97/GEN811_16s/myDNAseq1/167_R2.fastq.gz
168	/home/users/sen97/GEN811_16s/myDNAseq1/168_R1.fastq.gz	/home/users/sen97/GEN811_16s/myDNAseq1/168_R2.fastq.gz
170	/home/users/sen97/GEN811_16s/myDNAseq1/170_R1.fastq.gz	/home/users/sen97/GEN811_16s/myDNAseq1/170_R2.fastq.gz
176	/home/users/sen97/GEN811_16s/myDNAseq1/176_R1.fastq.gz	/home/users/sen97/GEN811_16s/myDNAseq1/176_R2.fastq.gz
177	/home/users/sen97/GEN811_16s/myDNAseq1/177_R1.fastq.gz	/home/users/sen97/GEN811_16s/myDNAseq1/177_R2.fastq.gz
178	/home/users/sen97/GEN811_16s/myDNAseq1/178_R1.fastq.gz	/home/users/sen97/GEN811_16s/myDNAseq1/178_R2.fastq.gz
179	/home/users/sen97/GEN811_16s/myDNAseq1/179_R1.fastq.gz	/home/users/sen97/GEN811_16s/myDNAseq1/179_R2.fastq.gz
180	/home/users/sen97/GEN811_16s/myDNAseq1/180_R1.fastq.gz	/home/users/sen97/GEN811_16s/myDNAseq1/180_R2.fastq.gz
183	/home/users/sen97/GEN811_16s/myDNAseq1/183_R1.fastq.gz	/home/users/sen97/GEN811_16s/myDNAseq1/183_R2.fastq.gz
185	/home/users/sen97/GEN811_16s/myDNAseq1/185_R1.fastq.gz	/home/users/sen97/GEN811_16s/myDNAseq1/185_R2.fastq.gz
187	/home/users/sen97/GEN811_16s/myDNAseq1/187_R1.fastq.gz	/home/users/sen97/GEN811_16s/myDNAseq1/187_R2.fastq.gz
188	/home/users/sen97/GEN811_16s/myDNAseq1/188_R1.fastq.gz	/home/users/sen97/GEN811_16s/myDNAseq1/188_R2.fastq.gz
189	/home/users/sen97/GEN811_16s/myDNAseq1/189_R1.fastq.gz	/home/users/sen97/GEN811_16s/myDNAseq1/189_R2.fastq.gz
190	/home/users/sen97/GEN811_16s/myDNAseq1/190_R1.fastq.gz	/home/users/sen97/GEN811_16s/myDNAseq1/190_R2.fastq.gz
194	/home/users/sen97/GEN811_16s/myDNAseq1/194_R1.fastq.gz	/home/users/sen97/GEN811_16s/myDNAseq1/194_R2.fastq.gz
195	/home/users/sen97/GEN811_16s/myDNAseq1/195_R1.fastq.gz	/home/users/sen97/GEN811_16s/myDNAseq1/195_R2.fastq.gz
196	/home/users/sen97/GEN811_16s/myDNAseq1/196_R1.fastq.gz	/home/users/sen97/GEN811_16s/myDNAseq1/196_R2.fastq.gz
201	/home/users/sen97/GEN811_16s/myDNAseq1/201_R1.fastq.gz	/home/users/sen97/GEN811_16s/myDNAseq1/201_R2.fastq.gz
202	/home/users/sen97/GEN811_16s/myDNAseq1/202_R1.fastq.gz	/home/users/sen97/GEN811_16s/myDNAseq1/202_R2.fastq.gz
203	/home/users/sen97/GEN811_16s/myDNAseq1/203_R1.fastq.gz	/home/users/sen97/GEN811_16s/myDNAseq1/203_R2.fastq.gz
204	/home/users/sen97/GEN811_16s/myDNAseq1/204_R1.fastq.gz	/home/users/sen97/GEN811_16s/myDNAseq1/204_R2.fastq.gz
206	/home/users/sen97/GEN811_16s/myDNAseq1/206_R1.fastq.gz	/home/users/sen97/GEN811_16s/myDNAseq1/206_R2.fastq.gz
215	/home/users/sen97/GEN811_16s/myDNAseq1/215_R1.fastq.gz	/home/users/sen97/GEN811_16s/myDNAseq1/215_R2.fastq.gz
216	/home/users/sen97/GEN811_16s/myDNAseq1/216_R1.fastq.gz	/home/users/sen97/GEN811_16s/myDNAseq1/216_R2.fastq.gz
217	/home/users/sen97/GEN811_16s/myDNAseq1/217_R1.fastq.gz	/home/users/sen97/GEN811_16s/myDNAseq1/217_R2.fastq.gz
218	/home/users/sen97/GEN811_16s/myDNAseq1/218_R1.fastq.gz	/home/users/sen97/GEN811_16s/myDNAseq1/218_R2.fastq.gz
219	/home/users/sen97/GEN811_16s/myDNAseq1/219_R1.fastq.gz	/home/users/sen97/GEN811_16s/myDNAseq1/219_R2.fastq.gz
220	/home/users/sen97/GEN811_16s/myDNAseq1/220_R1.fastq.gz	/home/users/sen97/GEN811_16s/myDNAseq1/220_R2.fastq.gz
227	/home/users/sen97/GEN811_16s/myDNAseq1/227_R1.fastq.gz	/home/users/sen97/GEN811_16s/myDNAseq1/227_R2.fastq.gz
228	/home/users/sen97/GEN811_16s/myDNAseq1/228_R1.fastq.gz	/home/users/sen97/GEN811_16s/myDNAseq1/228_R2.fastq.gz
229	/home/users/sen97/GEN811_16s/myDNAseq1/229_R1.fastq.gz	/home/users/sen97/GEN811_16s/myDNAseq1/229_R2.fastq.gz
230	/home/users/sen97/GEN811_16s/myDNAseq1/230_R1.fastq.gz	/home/users/sen97/GEN811_16s/myDNAseq1/230_R2.fastq.gz
231	/home/users/sen97/GEN811_16s/myDNAseq1/231_R1.fastq.gz	/home/users/sen97/GEN811_16s/myDNAseq1/231_R2.fastq.gz
232	/home/users/sen97/GEN811_16s/myDNAseq1/232_R1.fastq.gz	/home/users/sen97/GEN811_16s/myDNAseq1/232_R2.fastq.gz
233	/home/users/sen97/GEN811_16s/myDNAseq1/233_R1.fastq.gz	/home/users/sen97/GEN811_16s/myDNAseq1/233_R2.fastq.gz
234	/home/users/sen97/GEN811_16s/myDNAseq1/234_R1.fastq.gz	/home/users/sen97/GEN811_16s/myDNAseq1/234_R2.fastq.gz
235	/home/users/sen97/GEN811_16s/myDNAseq1/235_R1.fastq.gz	/home/users/sen97/GEN811_16s/myDNAseq1/235_R2.fastq.gz
238	/home/users/sen97/GEN811_16s/myDNAseq1/238_R1.fastq.gz	/home/users/sen97/GEN811_16s/myDNAseq1/238_R2.fastq.gz
242	/home/users/sen97/GEN811_16s/myDNAseq1/242_R1.fastq.gz	/home/users/sen97/GEN811_16s/myDNAseq1/242_R2.fastq.gz
243	/home/users/sen97/GEN811_16s/myDNAseq1/243_R1.fastq.gz	/home/users/sen97/GEN811_16s/myDNAseq1/243_R2.fastq.gz
244	/home/users/sen97/GEN811_16s/myDNAseq1/244_R1.fastq.gz	/home/users/sen97/GEN811_16s/myDNAseq1/244_R2.fastq.gz
245	/home/users/sen97/GEN811_16s/myDNAseq1/245_R1.fastq.gz	/home/users/sen97/GEN811_16s/myDNAseq1/245_R2.fastq.gz
246	/home/users/sen97/GEN811_16s/myDNAseq1/246_R1.fastq.gz	/home/users/sen97/GEN811_16s/myDNAseq1/246_R2.fastq.gz
247	/home/users/sen97/GEN811_16s/myDNAseq1/247_R1.fastq.gz	/home/users/sen97/GEN811_16s/myDNAseq1/247_R2.fastq.gz
248	/home/users/sen97/GEN811_16s/myDNAseq1/248_R1.fastq.gz	/home/users/sen97/GEN811_16s/myDNAseq1/248_R2.fastq.gz
249	/home/users/sen97/GEN811_16s/myDNAseq1/249_R1.fastq.gz	/home/users/sen97/GEN811_16s/myDNAseq1/249_R2.fastq.gz
250	/home/users/sen97/GEN811_16s/myDNAseq1/250_R1.fastq.gz	/home/users/sen97/GEN811_16s/myDNAseq1/250_R2.fastq.gz
251	/home/users/sen97/GEN811_16s/myDNAseq1/251_R1.fastq.gz	/home/users/sen97/GEN811_16s/myDNAseq1/251_R2.fastq.gz
252	/home/users/sen97/GEN811_16s/myDNAseq1/252_R1.fastq.gz	/home/users/sen97/GEN811_16s/myDNAseq1/252_R2.fastq.gz
253	/home/users/sen97/GEN811_16s/myDNAseq1/253_R1.fastq.gz	/home/users/sen97/GEN811_16s/myDNAseq1/253_R2.fastq.gz
254	/home/users/sen97/GEN811_16s/myDNAseq1/254_R1.fastq.gz	/home/users/sen97/GEN811_16s/myDNAseq1/254_R2.fastq.gz
255	/home/users/sen97/GEN811_16s/myDNAseq1/255_R1.fastq.gz	/home/users/sen97/GEN811_16s/myDNAseq1/255_R2.fastq.gz
256	/home/users/sen97/GEN811_16s/myDNAseq1/256_R1.fastq.gz	/home/users/sen97/GEN811_16s/myDNAseq1/256_R2.fastq.gz
257	/home/users/sen97/GEN811_16s/myDNAseq1/257_R1.fastq.gz	/home/users/sen97/GEN811_16s/myDNAseq1/257_R2.fastq.gz
258	/home/users/sen97/GEN811_16s/myDNAseq1/258_R1.fastq.gz	/home/users/sen97/GEN811_16s/myDNAseq1/258_R2.fastq.gz
259	/home/users/sen97/GEN811_16s/myDNAseq1/259_R1.fastq.gz	/home/users/sen97/GEN811_16s/myDNAseq1/259_R2.fastq.gz
260	/home/users/sen97/GEN811_16s/myDNAseq1/260_R1.fastq.gz	/home/users/sen97/GEN811_16s/myDNAseq1/260_R2.fastq.gz
261	/home/users/sen97/GEN811_16s/myDNAseq1/261_R1.fastq.gz	/home/users/sen97/GEN811_16s/myDNAseq1/261_R2.fastq.gz
262	/home/users/sen97/GEN811_16s/myDNAseq1/262_R1.fastq.gz	/home/users/sen97/GEN811_16s/myDNAseq1/262_R2.fastq.gz
263	/home/users/sen97/GEN811_16s/myDNAseq1/263_R1.fastq.gz	/home/users/sen97/GEN811_16s/myDNAseq1/263_R2.fastq.gz
264	/home/users/sen97/GEN811_16s/myDNAseq1/264_R1.fastq.gz	/home/users/sen97/GEN811_16s/myDNAseq1/264_R2.fastq.gz
269	/home/users/sen97/GEN811_16s/myDNAseq1/269_R1.fastq.gz	/home/users/sen97/GEN811_16s/myDNAseq1/269_R2.fastq.gz
270	/home/users/sen97/GEN811_16s/myDNAseq1/270_R1.fastq.gz	/home/users/sen97/GEN811_16s/myDNAseq1/270_R2.fastq.gz
271	/home/users/sen97/GEN811_16s/myDNAseq1/271_R1.fastq.gz	/home/users/sen97/GEN811_16s/myDNAseq1/271_R2.fastq.gz
272	/home/users/sen97/GEN811_16s/myDNAseq1/272_R1.fastq.gz	/home/users/sen97/GEN811_16s/myDNAseq1/272_R2.fastq.gz
275	/home/users/sen97/GEN811_16s/myDNAseq1/275_R1.fastq.gz	/home/users/sen97/GEN811_16s/myDNAseq1/275_R2.fastq.gz
278	/home/users/sen97/GEN811_16s/myDNAseq1/278_R1.fastq.gz	/home/users/sen97/GEN811_16s/myDNAseq1/278_R2.fastq.gz
280	/home/users/sen97/GEN811_16s/myDNAseq1/280_R1.fastq.gz	/home/users/sen97/GEN811_16s/myDNAseq1/280_R2.fastq.gz
282	/home/users/sen97/GEN811_16s/myDNAseq1/282_R1.fastq.gz	/home/users/sen97/GEN811_16s/myDNAseq1/282_R2.fastq.gz
285	/home/users/sen97/GEN811_16s/myDNAseq1/285_R1.fastq.gz	/home/users/sen97/GEN811_16s/myDNAseq1/285_R2.fastq.gz
287	/home/users/sen97/GEN811_16s/myDNAseq1/287_R1.fastq.gz	/home/users/sen97/GEN811_16s/myDNAseq1/287_R2.fastq.gz
289	/home/users/sen97/GEN811_16s/myDNAseq1/289_R1.fastq.gz	/home/users/sen97/GEN811_16s/myDNAseq1/289_R2.fastq.gz
293	/home/users/sen97/GEN811_16s/myDNAseq1/293_R1.fastq.gz	/home/users/sen97/GEN811_16s/myDNAseq1/293_R2.fastq.gz
296	/home/users/sen97/GEN811_16s/myDNAseq1/296_R1.fastq.gz	/home/users/sen97/GEN811_16s/myDNAseq1/296_R2.fastq.gz
297	/home/users/sen97/GEN811_16s/myDNAseq1/297_R1.fastq.gz	/home/users/sen97/GEN811_16s/myDNAseq1/297_R2.fastq.gz
301	/home/users/sen97/GEN811_16s/myDNAseq1/301_R1.fastq.gz	/home/users/sen97/GEN811_16s/myDNAseq1/301_R2.fastq.gz
302	/home/users/sen97/GEN811_16s/myDNAseq1/302_R1.fastq.gz	/home/users/sen97/GEN811_16s/myDNAseq1/302_R2.fastq.gz
303	/home/users/sen97/GEN811_16s/myDNAseq1/303_R1.fastq.gz	/home/users/sen97/GEN811_16s/myDNAseq1/303_R2.fastq.gz
304	/home/users/sen97/GEN811_16s/myDNAseq1/304_R1.fastq.gz	/home/users/sen97/GEN811_16s/myDNAseq1/304_R2.fastq.gz
305	/home/users/sen97/GEN811_16s/myDNAseq1/305_R1.fastq.gz	/home/users/sen97/GEN811_16s/myDNAseq1/305_R2.fastq.gz
312	/home/users/sen97/GEN811_16s/myDNAseq1/312_R1.fastq.gz	/home/users/sen97/GEN811_16s/myDNAseq1/312_R2.fastq.gz
318	/home/users/sen97/GEN811_16s/myDNAseq1/318_R1.fastq.gz	/home/users/sen97/GEN811_16s/myDNAseq1/318_R2.fastq.gz
322	/home/users/sen97/GEN811_16s/myDNAseq1/322_R1.fastq.gz	/home/users/sen97/GEN811_16s/myDNAseq1/322_R2.fastq.gz
331	/home/users/sen97/GEN811_16s/myDNAseq1/331_R1.fastq.gz	/home/users/sen97/GEN811_16s/myDNAseq1/331_R2.fastq.gz
333	/home/users/sen97/GEN811_16s/myDNAseq1/333_R1.fastq.gz	/home/users/sen97/GEN811_16s/myDNAseq1/333_R2.fastq.gz
345	/home/users/sen97/GEN811_16s/myDNAseq1/345_R1.fastq.gz	/home/users/sen97/GEN811_16s/myDNAseq1/345_R2.fastq.gz
358	/home/users/sen97/GEN811_16s/myDNAseq1/358_R1.fastq.gz	/home/users/sen97/GEN811_16s/myDNAseq1/358_R2.fastq.gz
359	/home/users/sen97/GEN811_16s/myDNAseq1/359_R1.fastq.gz	/home/users/sen97/GEN811_16s/myDNAseq1/359_R2.fastq.gz
360	/home/users/sen97/GEN811_16s/myDNAseq1/360_R1.fastq.gz	/home/users/sen97/GEN811_16s/myDNAseq1/360_R2.fastq.gz
365	/home/users/sen97/GEN811_16s/myDNAseq1/365_R1.fastq.gz	/home/users/sen97/GEN811_16s/myDNAseq1/365_R2.fastq.gz
368	/home/users/sen97/GEN811_16s/myDNAseq1/368_R1.fastq.gz	/home/users/sen97/GEN811_16s/myDNAseq1/368_R2.fastq.gz
375	/home/users/sen97/GEN811_16s/myDNAseq1/375_R1.fastq.gz	/home/users/sen97/GEN811_16s/myDNAseq1/375_R2.fastq.gz
382	/home/users/sen97/GEN811_16s/myDNAseq1/382_R1.fastq.gz	/home/users/sen97/GEN811_16s/myDNAseq1/382_R2.fastq.gz
91	/home/users/sen97/GEN811_16s/myDNAseq1/91_R1.fastq.gz	/home/users/sen97/GEN811_16s/myDNAseq1/91_R2.fastq.gz
93	/home/users/sen97/GEN811_16s/myDNAseq1/93_R1.fastq.gz	/home/users/sen97/GEN811_16s/myDNAseq1/93_R2.fastq.gz
94	/home/users/sen97/GEN811_16s/myDNAseq1/94_R1.fastq.gz	/home/users/sen97/GEN811_16s/myDNAseq1/94_R2.fastq.gz
96	/home/users/sen97/GEN811_16s/myDNAseq1/96_R1.fastq.gz	/home/users/sen97/GEN811_16s/myDNAseq1/96_R2.fastq.gz
